sample_id,similarity_threshold,fight_threshold,hawk_dove_C,police_density,n_steps,mean_fighting,std_fighting,peak_fighting,min_fighting,fighting_range,cv_fighting,max_step_jump,mean_abs_step_jump,early_mean_fighting,late_mean_fighting,absolute_drift,relative_drift,fraction_zero_fighting,mean_fighting_fraction,mean_happy_fraction,mean_entropy,mean_arrests,instability_score,unstable_flag
0,0.6727395724970847,-0.12414321377873416,2.5022663780488075,0.09289467422291635,100,968.32,15.881989799770054,1014.0,930.0,84.0,0.016401592241996502,49.0,16.616161616161616,965.74,970.9,5.159999999999968,0.005328816920026404,0.0,0.7565000000000001,0.09721093750000001,0.6380763095855714,147.44,0.022979072630283065,False
1,0.8787831726949662,-0.12414321377873416,2.5022663780488075,0.09289467422291635,100,981.42,16.724939461773847,1045.0,941.0,104.0,0.017041571867063895,96.0,15.242424242424242,978.36,984.48,6.1200000000000045,0.006235862321941682,0.0,0.7667343750000002,0.0007109375,0.6523710826873781,147.46,0.45161290322580644,False
2,0.6727395724970847,0.39297564253211026,2.5022663780488075,0.09289467422291635,100,27.32,8.937426922778165,49.0,8.0,41.0,0.3271386135716752,26.0,8.454545454545455,29.74,24.9,4.84,0.17715959004392387,0.0,0.021343750000000005,0.13863281249999998,0.6210309120178222,6.34,1.115255708304036,True
3,0.6727395724970847,-0.12414321377873416,10.507366719283162,0.09289467422291635,100,938.4,21.285675934768904,992.0,891.0,101.0,0.02268294536953208,45.0,16.32323232323232,929.4,947.4,18.0,0.01918158567774936,0.0,0.733125,0.09723437500000003,0.6386980648040772,147.27,0.01107919573245782,False
4,0.6727395724970847,-0.12414321377873416,2.5022663780488075,0.12157831206917762,100,749.58,20.44171225704931,794.0,710.0,84.0,0.027270888040034833,62.0,19.171717171717173,746.62,752.54,5.919999999999959,0.00789775607673625,0.0,0.585609375,0.09373437500000001,0.6371381587982178,186.88,0.21281674542558493,False
5,0.8787831726949662,0.39297564253211026,10.507366719283162,0.12157831206917762,100,7.39,4.1902147916306145,21.0,0.0,21.0,0.567011473833642,17.0,4.686868686868687,8.02,6.76,1.2599999999999998,0.17050067658998644,0.03,0.005773437500000001,0.000515625,0.6521940742492676,2.71,1.5870757015114199,True
6,0.246988988481462,0.40771510675549516,15.706631660927085,0.04546140844002366,100,67.88,8.374102937031525,87.0,44.0,43.0,0.12336627779952158,28.0,9.737373737373737,65.8,69.96,4.159999999999997,0.06128461991750143,0.0,0.05303125,0.9963828125000002,0.5477909126281737,0.26,0.2416686810347498,False
7,0.37003983287140724,0.40771510675549516,15.706631660927085,0.04546140844002366,100,76.03,10.60325893298848,111.0,50.0,61.0,0.1394615143099892,51.0,10.828282828282829,76.78,75.28,1.5,0.019729054320662895,0.0,0.0593984375,0.9919296874999999,0.42130235061645505,0.43,0.14175598592105054,False
8,0.246988988481462,-0.05561854764819141,15.706631660927085,0.04546140844002366,100,842.42,13.223600114946006,878.0,805.0,73.0,0.015697158323574947,36.0,11.94949494949495,838.92,845.92,7.0,0.008309394363856509,0.0,0.658140625,0.9787499999999997,0.6433212078094482,61.54,0.0,False
9,0.246988988481462,0.40771510675549516,3.496816435176879,0.04546140844002366,100,92.07,11.430883605391141,117.0,59.0,58.0,0.1241542696360502,52.0,13.1010101010101,94.4,89.74,4.660000000000011,0.050613663516889444,0.0,0.0719296875,0.9965937500000002,0.5461761821746827,0.41,0.20179222394405716,False
10,0.246988988481462,0.40771510675549516,15.706631660927085,0.04829953586682677,100,54.18,9.487233527219617,80.0,34.0,46.0,0.17510582368437833,35.0,11.181818181818182,51.7,56.66,4.959999999999994,0.09154669619785888,0.0,0.042328124999999994,0.9965468749999999,0.5516325908660888,0.19,0.46674930388500435,False
11,0.37003983287140724,-0.05561854764819141,3.496816435176879,0.04829953586682677,100,425.42,39.15461147808774,503.0,352.0,151.0,0.09203754284727501,58.0,17.171717171717173,457.0,393.84,63.160000000000025,0.14846504630717886,0.0,0.332359375,0.9439140624999999,0.32881408519744865,60.92,0.6043656432878669,False
12,0.32742318562231953,-0.15496472194790836,9.156119275838135,0.1255664063617587,100,597.28,19.464881196657736,643.0,540.0,103.0,0.03258920639676155,64.0,16.434343434343436,592.5,602.06,9.559999999999945,0.01600589338333771,0.0,0.466625,0.8801953125,0.5112091320037843,168.71,0.12311982386240795,False
13,0.2523421151097864,-0.15496472194790836,9.156119275838135,0.1255664063617587,100,597.28,19.464881196657736,643.0,540.0,103.0,0.03258920639676155,64.0,16.434343434343436,592.5,602.06,9.559999999999945,0.01600589338333771,0.0,0.466625,0.8801953125,0.5112091320037843,168.71,0.12311982386240795,False
14,0.32742318562231953,-0.20653621181845663,9.156119275838135,0.1255664063617587,100,698.34,22.48787228707954,753.0,646.0,107.0,0.03220189633570974,64.0,16.12121212121212,707.74,688.94,18.799999999999955,0.026920984047884917,0.0,0.545578125,0.8793203125,0.5018524600982667,187.18,0.11039926579921544,False
15,0.32742318562231953,-0.15496472194790836,14.963980081584303,0.1255664063617587,100,601.55,20.303386417048756,645.0,550.0,95.0,0.03375178524985248,68.0,18.545454545454547,603.5,599.6,3.8999999999999773,0.00648325160003321,0.0,0.4699609375,0.8788125000000002,0.5768094589233399,161.46,0.2518917583314581,False
16,0.32742318562231953,-0.15496472194790836,9.156119275838135,0.0243564042635262,100,566.11,24.57962367490601,648.0,523.0,125.0,0.04341845873576868,44.0,12.747474747474747,573.08,559.14,13.940000000000055,0.024624189645122068,0.0,0.4422734375,0.9528437499999999,0.37683226356506355,30.06,0.0,False
17,0.2523421151097864,-0.20653621181845663,14.963980081584303,0.0243564042635262,100,694.78,18.124337229261656,747.0,656.0,91.0,0.026086440642018562,37.0,10.464646464646465,702.06,687.5,14.559999999999945,0.020956273928437703,0.0,0.5427968750000001,0.9475156250000001,0.485304262161255,30.44,0.0,False
18,0.7516789852641523,0.06356809809803965,10.235189051553606,0.012225106209516525,100,1152.6,11.197321108193693,1176.0,1126.0,50.0,0.009714836984377662,37.0,10.676767676767676,1150.1,1155.1,5.0,0.004338018393197987,0.0,0.9004687499999998,0.010429687499999998,0.6508427959442139,18.96,0.0,False
19,0.5980531242676079,0.06356809809803965,10.235189051553606,0.012225106209516525,100,573.04,37.44647379927782,681.0,495.0,186.0,0.06534705046642088,50.0,15.181818181818182,601.58,544.5,57.08000000000004,0.09960910233142546,0.0,0.4476874999999999,0.6750625000000001,0.4000341876983643,18.23,0.2823970513635736,False
20,0.7516789852641523,0.14408758804202082,10.235189051553606,0.012225106209516525,100,1035.48,13.29246403041964,1068.0,1001.0,67.0,0.012837007021303783,41.0,14.696969696969697,1036.86,1034.1,2.759999999999991,0.0026654305249739162,0.0,0.8089687499999998,0.011320312499999999,0.649592029953003,18.9,0.0,False
21,0.7516789852641523,0.06356809809803965,8.045791522413491,0.012225106209516525,100,1174.6,10.713542831388692,1201.0,1149.0,52.0,0.009121013818652044,36.0,11.090909090909092,1175.74,1173.46,2.2799999999999727,0.001941086327260321,0.0,0.9176562500000002,0.011570312500000004,0.6488301925659179,19.0,0.0,False
22,0.7516789852641523,0.06356809809803965,10.235189051553606,0.08892004441469907,100,427.48,22.680158729603285,477.0,372.0,105.0,0.0530554850042184,85.0,21.343434343434343,423.88,431.08,7.199999999999989,0.01684289323477119,0.0,0.33396875000000004,0.010414062500000001,0.651374154663086,110.95,0.548351798659554,False
23,0.5980531242676079,0.14408758804202082,8.045791522413491,0.08892004441469907,100,217.54,18.407835288267876,273.0,185.0,88.0,0.08461816350219672,77.0,17.92929292929293,222.16,212.92,9.240000000000009,0.04247494713615891,0.0,0.169953125,0.6017109374999999,0.4588624015808105,54.71,0.4117312380229281,False
24,0.8013148478232325,-0.25610725656151767,17.308747354894876,0.02992366442456841,100,868.25,13.256979293941738,898.0,836.0,62.0,0.015268619975746314,48.0,13.686868686868687,865.56,870.94,5.380000000000109,0.006196372012669288,0.0,0.6783203124999999,0.010359375000000002,0.6526137104034424,46.73,0.0,False
25,0.532506992155686,-0.25610725656151767,17.308747354894876,0.02992366442456841,100,629.12,19.957595045495836,678.0,590.0,88.0,0.03172303383376118,54.0,15.363636363636363,618.2,640.04,21.839999999999918,0.034715157680569556,0.0,0.4915,0.573546875,0.49362736587524414,44.89,0.029950606130242564,False
26,0.8013148478232325,0.2727522991597653,17.308747354894876,0.02992366442456841,100,156.17,17.526582667479705,200.0,111.0,89.0,0.11222758959774416,52.0,12.01010101010101,167.98,144.36,23.619999999999976,0.15124543766408388,0.0,0.12200781249999998,0.010343749999999999,0.6521592746734618,15.32,0.568516522908997,False
27,0.8013148478232325,-0.25610725656151767,17.431334823649376,0.02992366442456841,100,850.72,16.527601156852736,894.0,812.0,82.0,0.01942778018249569,67.0,15.848484848484848,851.3,850.14,1.1599999999999682,0.001363550874553282,0.0,0.664625,0.010250000000000002,0.6529278099060059,46.69,0.13978494623655913,False
28,0.8013148478232325,-0.25610725656151767,17.308747354894876,0.03422640040516853,100,865.35,17.189749852746548,916.0,830.0,86.0,0.019864505521172412,69.0,21.474747474747474,865.46,865.24,0.22000000000002728,0.00025423239151791446,0.0,0.6760546875,0.009953125,0.6520374057769776,53.53,0.38164321548175295,False
29,0.532506992155686,0.2727522991597653,17.431334823649376,0.03422640040516853,100,170.52,18.972337757904274,213.0,125.0,88.0,0.1112616570367363,54.0,15.777777777777779,182.62,158.42,24.200000000000017,0.14191883650011738,0.0,0.13321875,0.60809375,0.4596746978759766,11.98,0.530230489457741,False
30,0.37744814730249343,0.16315327063202867,2.091736541315913,0.14298754615709186,100,39.66,12.196901245808297,76.0,14.0,62.0,0.30753659217872664,48.0,11.606060606060606,41.16,38.16,3.0,0.07564296520423601,0.0,0.030984375,0.9498203125000002,0.24329850368499756,11.03,0.6796687516988005,False
31,0.07882583905011416,0.16315327063202867,2.091736541315913,0.14298754615709186,100,75.61,15.690057361271819,118.0,34.0,84.0,0.20751299247813543,56.0,16.515151515151516,78.52,72.7,5.819999999999993,0.07697394524533784,0.0,0.0590703125,0.9984921874999999,0.5910796306610107,7.65,0.5176835658464718,False
32,0.37744814730249343,0.014708913117647215,2.091736541315913,0.14298754615709186,100,132.3,19.23408432964772,179.0,82.0,97.0,0.14538234565115435,63.0,19.545454545454547,135.62,128.98,6.640000000000015,0.05018896447467887,0.0,0.103359375,0.8992656250000001,0.28356316680908206,43.93,0.4829393082861692,False
33,0.37744814730249343,0.16315327063202867,5.4310707520693535,0.14298754615709186,100,39.25,12.581236028308188,70.0,11.0,59.0,0.320541045307215,32.0,9.737373737373737,45.22,33.28,11.939999999999998,0.3042038216560509,0.0,0.0306640625,0.9492421875000001,0.2601019962310791,9.68,1.5957857683390297,True
34,0.37744814730249343,0.16315327063202867,2.091736541315913,0.10092505192384123,100,83.56,14.4321308198062,112.0,53.0,59.0,0.1727157829081642,43.0,14.737373737373737,89.56,77.56,12.0,0.14360938247965532,0.0,0.06528125,0.9430312500000001,0.2219365488052368,15.71,0.6643211603169592,False
35,0.07882583905011416,0.014708913117647215,5.4310707520693535,0.10092505192384123,100,411.66,24.89024708595718,483.0,356.0,127.0,0.06046311783014424,70.0,22.595959595959595,412.5,410.82,1.6800000000000068,0.0040810377495992005,0.0,0.32160937500000003,0.993640625,0.6069540706634521,76.98,0.4379437083316786,False
36,0.08412487637251616,-0.024550835043191888,13.33033261084929,0.06286083936691284,100,785.93,18.03122569322452,833.0,743.0,90.0,0.02294253393206077,54.0,14.494949494949495,789.14,782.72,6.419999999999959,0.008168666420673546,0.0,0.6140078125,0.9974921875000001,0.6620022720336913,84.27,0.0,False
37,0.3296992239076644,-0.024550835043191888,13.33033261084929,0.06286083936691284,100,592.66,28.840672668993005,658.0,538.0,120.0,0.04866309970133467,59.0,14.090909090909092,570.58,614.74,44.15999999999997,0.07451152431410922,0.0,0.46301562499999993,0.9253828124999999,0.48380122337341314,82.2,0.2385274327985113,False
38,0.08412487637251616,-0.3267606995999813,13.33033261084929,0.06286083936691284,100,1118.08,12.132336955426188,1148.0,1086.0,62.0,0.01085104550249194,41.0,10.292929292929292,1121.64,1114.52,7.120000000000118,0.006368059530624033,0.0,0.8734999999999999,0.9971406250000001,0.6573877967834474,98.22,0.0,False
39,0.08412487637251616,-0.024550835043191888,13.048187970928847,0.06286083936691284,100,785.78,15.731230085406544,827.0,754.0,73.0,0.020019891172346642,51.0,15.313131313131313,788.6,782.96,5.639999999999986,0.007177581511364487,0.0,0.6138906249999999,0.997359375,0.6594838325500488,85.28,0.0,False
40,0.08412487637251616,-0.024550835043191888,13.33033261084929,0.1467437139339745,100,227.01,21.011661048094222,273.0,182.0,91.0,0.09255830601336604,73.0,22.606060606060606,231.44,222.58,8.859999999999985,0.03902911766001491,0.0,0.17735156250000003,0.9976953125000001,0.6582869964599608,51.79,0.5617788158823799,False
41,0.3296992239076644,-0.3267606995999813,13.048187970928847,0.1467437139339745,100,842.32,18.027135102394944,877.0,789.0,88.0,0.0214017654838956,61.0,16.90909090909091,841.88,842.76,0.8799999999999955,0.0010447335929337964,0.0,0.6580625000000001,0.8612265625000001,0.5559151626586913,229.37,0.11014776673240939,False
42,0.5102645595092327,0.30657950416207325,4.887736490834504,0.110580619238317,100,61.64,13.897855949749946,107.0,24.0,83.0,0.22546813675778626,52.0,12.868686868686869,67.8,55.48,12.32,0.199870214146658,0.0,0.04815625,0.7198671875000001,0.3442292671203612,13.65,0.9926420730078389,True
43,0.7331863861531019,0.30657950416207325,4.887736490834504,0.110580619238317,100,59.56,13.55899701305373,97.0,31.0,66.0,0.2276527369552339,52.0,13.94949494949495,60.7,58.42,2.280000000000001,0.03828072531900606,0.0,0.04653125,0.17496875,0.603699036026001,15.42,0.36856948488245206,False
44,0.5102645595092327,0.21441543027758603,4.887736490834504,0.110580619238317,100,108.91,17.817460537349312,166.0,69.0,97.0,0.16359802164492987,59.0,17.848484848484848,112.24,105.58,6.659999999999997,0.061151409420622506,0.0,0.08508593750000003,0.6869218749999999,0.3796069423675537,27.63,0.45143337820729845,False
45,0.5102645595092327,0.30657950416207325,1.1033626199699937,0.110580619238317,100,71.78,14.446162120092659,110.0,38.0,72.0,0.20125608971987544,49.0,15.454545454545455,75.3,68.26,7.039999999999992,0.09807745890220106,0.0,0.056078125,0.7272812499999999,0.3382958412170409,17.6,0.5464153600644925,False
46,0.5102645595092327,0.30657950416207325,4.887736490834504,0.0712591303512454,100,106.09,17.367840971174285,149.0,71.0,78.0,0.16370855849914492,63.0,20.09090909090909,105.2,106.98,1.7800000000000011,0.01677820718258084,0.0,0.08288281250000001,0.7044140625,0.35368841419219976,17.76,0.4529778066443302,False
47,0.7331863861531019,0.21441543027758603,1.1033626199699937,0.0712591303512454,100,225.28,20.20548440399289,289.0,181.0,108.0,0.08969053801488322,95.0,20.494949494949495,230.16,220.4,9.759999999999991,0.0433238636363636,0.0,0.176,0.29839843749999995,0.5222086063385011,52.26,0.7233334574017833,False
48,0.5453193417750299,-0.24751202464103694,12.320526973623782,0.139105577301234,100,811.6,19.252012881774206,863.0,752.0,111.0,0.023721060721752348,63.0,15.777777777777779,814.26,808.94,5.319999999999936,0.0065549531789057865,0.0,0.6340625000000001,0.4025078125,0.5845369407653808,216.73,0.0967741935483871,False
49,0.4425363636109978,-0.24751202464103694,12.320526973623782,0.139105577301234,100,703.58,20.896018759562793,756.0,647.0,109.0,0.02969956331840415,56.0,17.525252525252526,711.68,695.48,16.199999999999932,0.023025100201824855,0.0,0.549671875,0.7288437499999999,0.5344773609161377,210.18,0.08141510141589559,False
50,0.5453193417750299,0.08226980119943622,12.320526973623782,0.139105577301234,100,160.34,18.700919763476875,216.0,123.0,93.0,0.11663290360157712,68.0,19.07070707070707,165.9,154.78,11.120000000000005,0.06935262567045032,0.0,0.125265625,0.5652968749999999,0.4998755889892578,50.33,0.5323123990975057,False
51,0.5453193417750299,-0.24751202464103694,17.911621637176722,0.139105577301234,100,651.82,18.420846886069054,697.0,584.0,113.0,0.028260634663049695,55.0,18.515151515151516,654.64,649.0,5.639999999999986,0.008652695529440622,0.0,0.5092343749999999,0.33808593749999993,0.6185488384246827,202.23,0.11087579034684805,False
52,0.5453193417750299,-0.24751202464103694,12.320526973623782,0.04070422254502773,100,662.38,19.737162916690938,716.0,614.0,102.0,0.029797341279463357,44.0,15.1010101010101,661.48,663.28,1.7999999999999545,0.002717473353663991,0.0,0.517484375,0.6146640624999999,0.44364071235656743,64.36,0.0,False
53,0.4425363636109978,0.08226980119943622,17.911621637176722,0.04070422254502773,100,376.97,19.98221959643122,431.0,331.0,100.0,0.0530074531035128,56.0,13.727272727272727,388.16,365.78,22.380000000000052,0.05936811947900377,0.0,0.29450781249999997,0.8598203124999999,0.3929094203948974,43.12,0.14735942314158879,False
54,0.12289555049501359,0.13425165265798572,6.480084009561687,0.0424535615183413,100,486.96,37.857078598328215,568.0,423.0,145.0,0.07774165968114058,66.0,20.818181818181817,506.86,467.06,39.80000000000001,0.08173155906029245,0.0,0.38043750000000004,0.9980000000000001,0.633735338973999,20.14,0.5492543412047801,False
55,0.8461272602900863,0.13425165265798572,6.480084009561687,0.0424535615183413,100,672.02,26.008452472225255,733.0,611.0,122.0,0.038701902431810445,69.0,20.272727272727273,667.72,676.32,8.600000000000023,0.01279723817743523,0.0,0.5250156250000001,0.011992187500000003,0.6494491104125976,62.99,0.33281268614240134,False
56,0.12289555049501359,-0.16991420984268185,6.480084009561687,0.0424535615183413,100,1139.73,11.473321227961849,1174.0,1114.0,60.0,0.0100667010853113,28.0,8.02020202020202,1141.86,1137.6,4.259999999999991,0.003737727356479158,0.0,0.8904140625,0.9947968750000001,0.6018403350830078,64.41,0.0,False
57,0.12289555049501359,0.13425165265798572,6.280554516986012,0.0424535615183413,100,487.65,22.43763579346095,542.0,432.0,110.0,0.04601176211106521,61.0,20.86868686868687,482.94,492.36,9.420000000000016,0.01931713318978779,0.0,0.38097656249999995,0.9980078125,0.6195580101013184,21.31,0.27100127514439126,False
58,0.12289555049501359,0.13425165265798572,6.480084009561687,0.10743557779118418,100,195.97,20.832405045985446,261.0,141.0,120.0,0.10630405187521277,76.0,24.656565656565657,198.38,193.56,4.819999999999993,0.024595601367556223,0.0,0.15310156249999998,0.9981328125000001,0.6212847854614257,16.26,0.6591252394748746,False
59,0.8461272602900863,-0.16991420984268185,6.280554516986012,0.10743557779118418,100,991.69,13.151193862155631,1026.0,951.0,75.0,0.013261396063442841,49.0,14.818181818181818,989.5,993.88,4.3799999999999955,0.0044167028002702405,0.0,0.7747578125,0.010226562499999998,0.6527887203216552,170.55,0.0,False
60,0.4656344367191195,-0.07845866680145258,18.973760421946643,0.10232425119727849,100,462.14,20.95424539323714,523.0,398.0,125.0,0.04534176957899585,61.0,17.292929292929294,461.56,462.72,1.160000000000025,0.002510061886008623,0.0,0.361046875,0.7466093749999999,0.5383016731262207,115.69,0.12574070887438724,False
61,0.6454511024523527,-0.07845866680145258,18.973760421946643,0.10232425119727849,100,451.06,18.052600920642984,493.0,411.0,82.0,0.04002261544061319,62.0,16.393939393939394,457.78,444.34,13.439999999999998,0.029796479404070406,0.0,0.352390625,0.07337500000000001,0.6482168010711671,131.86,0.11078935062041573,False
62,0.4656344367191195,-0.1172412902116775,18.973760421946643,0.10232425119727849,100,533.63,15.46522227450999,584.0,497.0,87.0,0.028981170988343966,64.0,16.666666666666668,530.2,537.06,6.8599999999999,0.012855349212000638,0.0,0.4168984375,0.7314296874999999,0.5379966896057129,131.21,0.13255765726413138,False
63,0.4656344367191195,-0.07845866680145258,13.453853865526614,0.10232425119727849,100,519.72,15.521005122091804,552.0,483.0,69.0,0.029864167478818985,51.0,15.8989898989899,521.66,517.78,3.8799999999999955,0.0074655583775879225,0.0,0.4060312499999999,0.776328125,0.4841353366851806,131.81,0.0,False
64,0.4656344367191195,-0.07845866680145258,18.973760421946643,0.14036562705412506,100,297.7,16.794344286098223,338.0,258.0,80.0,0.05641365228786773,64.0,16.616161616161616,299.14,296.26,2.8799999999999955,0.009674168626133677,0.0,0.232578125,0.7673828125,0.5256966682434083,98.42,0.13050595435071316,False
65,0.6454511024523527,-0.1172412902116775,13.453853865526614,0.14036562705412506,100,529.79,20.102385430590076,575.0,476.0,99.0,0.03794406355459725,56.0,17.434343434343436,530.26,529.32,0.9399999999999409,0.001774287925404294,0.0,0.41389843750000005,0.07809375000000002,0.6459658279418946,188.96,0.07772203617174298,False
66,0.8932040591258555,0.3901687189936639,1.0069402024149894,0.0797642010450363,100,20.28,6.312020278801391,42.0,4.0,38.0,0.31124360349119284,28.0,7.494949494949495,20.78,19.78,1.0,0.049309664694280074,0.0,0.01584375,0.0007578125000000001,0.6514894901275635,4.52,0.5849204219446141,False
67,0.1916662149131298,0.3901687189936639,1.0069402024149894,0.0797642010450363,100,60.78,10.812566762799664,89.0,34.0,55.0,0.17789678780519355,36.0,12.363636363636363,59.84,61.72,1.8799999999999955,0.03093122737742671,0.0,0.047484374999999995,0.99671875,0.5292854400634767,0.54,0.23673783286416727,False
68,0.8932040591258555,0.42979421466588985,1.0069402024149894,0.0797642010450363,100,11.39,5.3607741978188175,27.0,2.0,25.0,0.4706562070077978,23.0,6.0,11.08,11.7,0.6199999999999992,0.054433713784021,0.0,0.008898437500000002,0.0007968749999999998,0.6517701263427736,2.76,0.9356267979409905,True
69,0.8932040591258555,0.3901687189936639,1.7304250204004348,0.0797642010450363,100,21.57,7.502339635073849,44.0,8.0,36.0,0.34781361312349784,30.0,8.06060606060606,21.92,21.22,0.7000000000000028,0.032452480296708525,0.0,0.016851562499999997,0.000828125,0.6502906684875488,4.55,0.5952245626552296,False
70,0.8932040591258555,0.3901687189936639,1.0069402024149894,0.06492230672389268,100,33.09,9.808256725840735,55.0,12.0,43.0,0.2964115057673235,30.0,9.313131313131313,36.12,30.06,6.059999999999999,0.18313689936536712,0.0,0.0258515625,0.00071875,0.6512591827392578,5.78,1.0747510712309094,True
71,0.1916662149131298,0.42979421466588985,1.7304250204004348,0.06492230672389268,100,39.75,7.463745708422816,57.0,20.0,37.0,0.18776718763327838,29.0,8.202020202020202,40.06,39.44,0.6200000000000045,0.015597484276729674,0.0,0.0310546875,0.9973125,0.5748982982635497,0.32,0.24198782238507796,False
72,0.7303399216849357,0.020389613509178228,8.08056849129498,0.06246269458904862,100,831.12,18.898825360323325,879.0,779.0,100.0,0.02273898517701815,72.0,19.060606060606062,833.06,829.18,3.8799999999999955,0.004668399268457016,0.0,0.6493125,0.099078125,0.6379266658782959,97.3,0.31582988073649515,False
73,0.15278625707142054,0.020389613509178228,8.08056849129498,0.06246269458904862,100,651.32,26.849163860351407,701.0,590.0,111.0,0.041222692164145744,52.0,15.313131313131313,658.98,643.66,15.32000000000005,0.023521464103666477,0.0,0.50884375,0.9680859375000002,0.54441470413208,79.59,0.0,False
74,0.7303399216849357,0.15259723812341697,8.08056849129498,0.06246269458904862,100,417.31,22.708454372766106,468.0,358.0,110.0,0.05441627177102419,66.0,22.252525252525253,417.82,416.8,1.0199999999999818,0.002444226114878584,0.0,0.32602343749999996,0.11628906249999998,0.6308702751159668,74.9,0.38098137583226327,False
75,0.7303399216849357,0.020389613509178228,11.281797541864215,0.06246269458904862,100,794.36,15.964660973537773,837.0,758.0,79.0,0.020097513688425616,63.0,15.191919191919192,791.66,797.06,5.399999999999977,0.0067979253738858665,0.0,0.6205937499999999,0.09164062499999998,0.6414019302368165,96.85,0.0967741935483871,False
76,0.7303399216849357,0.020389613509178228,8.08056849129498,0.12836167357861994,100,329.89,24.03825908837826,389.0,258.0,131.0,0.07286749852489698,78.0,21.828282828282827,338.04,321.74,16.30000000000001,0.04941040953044958,0.0,0.25772656250000003,0.10776562499999999,0.6336648002624513,123.03,0.5834732644140331,False
77,0.15278625707142054,0.15259723812341697,11.281797541864215,0.12836167357861994,100,109.51,20.346741753902513,176.0,65.0,111.0,0.1857980253301298,87.0,21.90909090909091,114.3,104.72,9.579999999999998,0.08748059537941738,0.0,0.0855546875,0.9936015624999999,0.5496601203918456,10.26,1.0659536346724197,True
78,0.3031593983992934,0.2897508934140206,11.909447391331195,0.08474532632157206,100,108.45,15.185107836298036,147.0,74.0,73.0,0.14001943601934563,72.0,16.636363636363637,112.24,104.66,7.579999999999998,0.06989396035039187,0.0,0.08472656250000002,0.9899531249999997,0.396158793258667,2.18,0.5270628139097143,False
79,0.49839348113164306,0.2897508934140206,11.909447391331195,0.08474532632157206,100,57.16,13.287377468861191,102.0,24.0,78.0,0.23245936789470245,78.0,15.090909090909092,60.42,53.9,6.520000000000003,0.11406578026592029,0.0,0.04465625,0.955859375,0.27827529506683346,4.1,0.9314218926898992,True
80,0.3031593983992934,-0.29013757705688475,11.909447391331195,0.08474532632157206,100,740.92,20.276922843469126,796.0,696.0,100.0,0.027367222970724407,50.0,16.535353535353536,738.5,743.34,4.840000000000032,0.006532419154564639,0.0,0.57884375,0.9000390625,0.46170468482971194,130.85,0.019696347968814094,False
81,0.3031593983992934,0.2897508934140206,4.049850751925259,0.08474532632157206,100,102.74,15.267363885098174,144.0,64.0,80.0,0.14860194554310077,76.0,18.2020202020202,103.88,101.6,2.280000000000001,0.022191940821491153,0.0,0.080265625,0.9860781249999999,0.38265163002014163,3.53,0.4846836037450063,False
82,0.3031593983992934,0.2897508934140206,11.909447391331195,0.05505126385018229,100,152.11,18.628953271721954,201.0,113.0,88.0,0.12247027330038757,75.0,22.31313131313131,156.44,147.78,8.659999999999997,0.05693248307146141,0.0,0.11883593749999997,0.9877968749999999,0.43222026748657233,3.13,0.7030967137985791,False
83,0.49839348113164306,-0.29013757705688475,4.049850751925259,0.05505126385018229,100,439.1,39.78630417618606,559.0,355.0,204.0,0.09060875467134151,59.0,19.1010101010101,467.34,410.86,56.47999999999996,0.12862673650649045,0.0,0.343046875,0.8707421875,0.313006365776062,79.64,0.6133549427079239,False
84,0.17253143838606774,-0.34793495833873744,4.103859169501811,0.0248530612885952,100,751.8,57.40278738876711,871.0,647.0,224.0,0.07635380072993764,55.0,11.606060606060606,796.38,707.22,89.15999999999997,0.11859537110933756,0.0,0.58734375,0.9772578125000001,0.4285687797546387,33.14,0.3778196206811746,False
85,0.7791202807333321,-0.34793495833873744,4.103859169501811,0.0248530612885952,100,1253.59,7.145760981169187,1268.0,1234.0,34.0,0.005700237702254475,24.0,8.262626262626263,1253.68,1253.5,0.18000000000006366,0.00014358761636584823,0.0,0.9793671875,0.011976562500000003,0.6498562042236329,39.0,0.0,False
86,0.17253143838606774,-0.04691347181797023,4.103859169501811,0.0248530612885952,100,714.26,38.169521872824134,823.0,642.0,181.0,0.05343925443511345,40.0,12.131313131313131,746.06,682.46,63.59999999999991,0.08904320555539987,0.0,0.558015625,0.976671875,0.42504197578430175,31.52,0.24129424745543127,False
87,0.17253143838606774,-0.34793495833873744,15.666096550878136,0.0248530612885952,100,931.31,13.097858603603875,954.0,889.0,65.0,0.01406390847688082,37.0,8.868686868686869,937.14,925.48,11.659999999999968,0.01251999871149238,0.0,0.7275859375,0.9821875,0.6314043800354003,32.34,0.0,False
88,0.17253143838606774,-0.34793495833873744,4.103859169501811,0.017745676878839732,100,780.5,25.656772984925443,853.0,736.0,117.0,0.032872226758392624,38.0,11.0,789.66,771.34,18.319999999999936,0.023472133247917918,0.0,0.609765625,0.9808984374999998,0.44334943771362306,23.13,0.0,False
89,0.7791202807333321,-0.04691347181797023,15.666096550878136,0.017745676878839732,100,995.04,13.214325559785488,1024.0,947.0,77.0,0.013280195328615421,54.0,15.595959595959595,993.82,996.26,2.439999999999941,0.0024521627271264883,0.0,0.7773750000000001,0.011156250000000001,0.6506409904479982,27.96,0.0,False
90,0.5953443287871778,0.23309471756219868,14.706071578059344,0.12179159115999935,100,60.96,12.362782858240292,87.0,35.0,52.0,0.2028015560734956,45.0,14.070707070707071,62.66,59.26,3.3999999999999986,0.05577427821522307,0.0,0.047625,0.6775703124999999,0.41251792106628415,10.22,0.38505688466089566,False
91,0.27048072600737216,0.23309471756219868,14.706071578059344,0.12179159115999935,100,63.4,13.123261789661898,100.0,34.0,66.0,0.20699151087794793,47.0,14.121212121212121,67.22,59.58,7.640000000000001,0.12050473186119876,0.0,0.04953125,0.9869765625,0.42501314392089845,4.12,0.6455612721618647,False
92,0.5953443287871778,0.3095697030425072,14.706071578059344,0.12179159115999935,100,32.62,8.214353291647493,50.0,16.0,34.0,0.2518195368377527,26.0,9.343434343434344,33.2,32.04,1.1600000000000037,0.03556100551808718,0.0,0.025484374999999993,0.6819531249999998,0.3964680019378662,3.99,0.40813428885343134,False
93,0.5953443287871778,0.23309471756219868,8.378711040318011,0.12179159115999935,100,75.71,14.936729896466629,115.0,47.0,68.0,0.19728873195702853,50.0,13.83838383838384,80.44,70.98,9.459999999999994,0.12495046889446565,0.0,0.059148437500000005,0.69334375,0.3841430198669434,17.12,0.6427230288032167,False
94,0.5953443287871778,0.23309471756219868,14.706071578059344,0.08226911980658769,100,114.01,15.344376820190517,153.0,84.0,69.0,0.134587990704241,58.0,18.303030303030305,118.18,109.84,8.340000000000003,0.07315147794053156,0.0,0.0890703125,0.6220625000000001,0.4497127159118653,14.88,0.44563359571173433,False
95,0.27048072600737216,0.3095697030425072,8.378711040318011,0.08226911980658769,100,100.76,15.481033557227374,140.0,56.0,84.0,0.15364265142147054,64.0,18.303030303030305,101.88,99.64,2.239999999999995,0.02223104406510515,0.0,0.07871875,0.9886796875,0.40918011360168455,2.3,0.3702139620411012,False
96,0.6097277223132551,-0.300190094858408,6.681999822426587,0.07040891088545322,100,715.01,24.19441877789173,768.0,658.0,110.0,0.033837874684118724,70.0,19.717171717171716,718.22,711.8,6.420000000000073,0.008978895400064437,0.0,0.5586015625,0.635953125,0.4244432250976562,111.04,0.3209966422668448,False
97,0.6156014423817396,-0.300190094858408,6.681999822426587,0.07040891088545322,100,715.01,24.19441877789173,768.0,658.0,110.0,0.033837874684118724,70.0,19.717171717171716,718.22,711.8,6.420000000000073,0.008978895400064437,0.0,0.5586015625,0.635953125,0.4244432250976562,111.04,0.3209966422668448,False
98,0.6097277223132551,-0.26751937866210934,6.681999822426587,0.07040891088545322,100,708.7,58.43637565763298,819.0,588.0,231.0,0.0824557297271525,76.0,18.67676767676768,757.06,660.34,96.71999999999991,0.13647523634824313,0.0,0.553671875,0.62465625,0.42559863815307614,111.26,0.7925309744360685,False
99,0.6097277223132551,-0.300190094858408,2.8817003338597713,0.07040891088545322,100,668.37,46.39820147376405,772.0,561.0,211.0,0.06941993427856434,53.0,19.626262626262626,702.22,634.52,67.70000000000005,0.10129120098149236,0.0,0.5221640625,0.6548515625,0.40077202491760267,110.65,0.43420121468297623,False
100,0.6097277223132551,-0.300190094858408,6.681999822426587,0.014191723968833685,100,612.96,27.43899415066084,676.0,539.0,137.0,0.04476473856476905,69.0,18.050505050505052,623.36,602.56,20.800000000000068,0.03393369877316638,0.0,0.47887500000000005,0.7025546874999999,0.3776639919281006,21.87,0.2694483805470911,False
101,0.6156014423817396,-0.26751937866210934,2.8817003338597713,0.014191723968833685,100,624.34,33.479611706231005,723.0,562.0,161.0,0.05362400567996765,57.0,19.646464646464647,635.2,613.48,21.720000000000027,0.034788736906172964,0.0,0.48776562500000004,0.7023750000000001,0.3760847599029541,21.78,0.20857615147449685,False
102,0.18377609900198877,0.21814389005303392,12.709319805447011,0.11128634456545113,100,98.4,14.977316181479242,140.0,61.0,79.0,0.15220849777926057,69.0,18.363636363636363,96.06,100.74,4.679999999999993,0.04756097560975602,0.0,0.07687499999999999,0.9957343750000001,0.6136286575317382,2.91,0.5033862694436271,False
103,0.22151264515705404,0.21814389005303392,12.709319805447011,0.11128634456545113,100,98.4,14.977316181479242,140.0,61.0,79.0,0.15220849777926057,69.0,18.363636363636363,96.06,100.74,4.679999999999993,0.04756097560975602,0.0,0.07687499999999999,0.9957343750000001,0.6136286575317382,2.91,0.5033862694436271,False
104,0.18377609900198877,0.17998018413782124,12.709319805447011,0.11128634456545113,100,132.92,20.57944605668481,179.0,69.0,110.0,0.1548258054219441,85.0,24.272727272727273,132.64,133.2,0.5600000000000023,0.004213060487511302,0.0,0.10384374999999998,0.9933828124999999,0.5800324001312256,7.2,0.8409866829136979,False
105,0.18377609900198877,0.21814389005303392,10.092384967952965,0.11128634456545113,100,110.94,19.978898868556293,164.0,55.0,109.0,0.18008742445066064,88.0,23.353535353535353,115.5,106.38,9.120000000000005,0.08220659816116824,0.0,0.086671875,0.9946171875000002,0.524223819732666,4.95,1.103019236622596,True
106,0.18377609900198877,0.21814389005303392,12.709319805447011,0.08746369719505309,100,155.27,20.169707484244782,209.0,106.0,103.0,0.12990086613154364,75.0,25.97979797979798,154.7,155.84,1.1400000000000148,0.0073420493334193,0.0,0.12130468749999998,0.9955234375,0.565755723953247,3.9,0.7510893674112874,False
107,0.22151264515705404,0.17998018413782124,10.092384967952965,0.08746369719505309,100,183.34,22.156362517344764,227.0,135.0,92.0,0.12084849196762716,86.0,29.242424242424242,184.9,181.78,3.1200000000000045,0.0170175629977092,0.0,0.143234375,0.9925000000000003,0.5663553459167481,8.76,0.9831257255617175,True
108,0.2644192105159163,0.030848278850317046,0.3229248519986868,0.033345005977898835,100,377.57,60.38845171057129,529.0,261.0,268.0,0.15993975080268902,44.0,16.8989898989899,423.34,331.8,91.53999999999996,0.24244510951611611,0.0,0.29497656250000004,0.9603437499999999,0.28971893444061275,39.06,1.0567648331486015,True
109,0.41923487950116395,0.030848278850317046,0.3229248519986868,0.033345005977898835,100,327.0,26.930651681680487,396.0,255.0,141.0,0.08235673297149997,67.0,17.666666666666668,339.96,314.04,25.91999999999996,0.07926605504587143,0.0,0.25546875,0.905953125,0.2687300685882568,40.37,0.43196565938248804,False
110,0.2644192105159163,0.332187519967556,0.3229248519986868,0.033345005977898835,100,170.16,17.046829617263146,218.0,134.0,84.0,0.10018118016727284,45.0,14.141414141414142,179.66,160.66,19.0,0.11165961448048896,0.0,0.1329375,0.98921875,0.4077973239898682,2.37,0.3895264881619028,False
111,0.2644192105159163,0.030848278850317046,7.191888424195349,0.033345005977898835,100,501.06,20.13445802598123,551.0,445.0,106.0,0.04018372655167291,50.0,14.717171717171718,498.48,503.64,5.159999999999968,0.010298167884085675,0.0,0.3914531250000001,0.9510703125000001,0.3672194538116455,39.39,0.0,False
112,0.2644192105159163,0.030848278850317046,0.3229248519986868,0.12480344768613576,100,172.36,20.42132219029904,219.0,122.0,97.0,0.1184806346617489,80.0,22.535353535353536,168.08,176.64,8.559999999999974,0.0496634950104431,0.0,0.13465625,0.9535234375,0.317285827255249,46.99,0.7293319767311468,False
113,0.41923487950116395,0.332187519967556,7.191888424195349,0.12480344768613576,100,24.28,7.685154520242257,43.0,9.0,34.0,0.31652201483699577,22.0,7.626262626262626,27.16,21.4,5.760000000000002,0.23723228995057666,0.0,0.01896875,0.9610156249999998,0.2583649150848389,2.5,1.3269179357328111,True
114,0.6884610008914024,0.2621232427656651,17.885997935384513,0.14888050636276604,100,16.05,5.454126877878805,29.0,3.0,26.0,0.33982098927593796,17.0,5.808080808080808,16.16,15.94,0.22000000000000064,0.013707165109034308,0.0,0.012539062500000002,0.1089296875,0.6365831722259522,5.81,0.5574917938954573,False
115,0.8694319742266089,0.2621232427656651,17.885997935384513,0.14888050636276604,100,14.75,6.10962355632489,40.0,1.0,39.0,0.414211766530501,23.0,5.797979797979798,15.26,14.24,1.0199999999999996,0.06915254237288132,0.0,0.0115234375,0.011390625000000001,0.6513278518676757,6.73,0.8757657146633292,True
116,0.6884610008914024,-0.01953243315219877,17.885997935384513,0.14888050636276604,100,224.56,17.27502243124448,270.0,185.0,85.0,0.07692831506610474,53.0,17.767676767676768,227.5,221.62,5.8799999999999955,0.026184538653366562,0.0,0.1754375,0.0874375,0.645450507736206,97.49,0.08176064961218579,False
117,0.6884610008914024,0.2621232427656651,14.49478164585307,0.14888050636276604,100,25.06,8.473275635785726,50.0,7.0,43.0,0.3381195385389356,22.0,8.11111111111111,25.76,24.36,1.4000000000000021,0.055865921787709584,0.0,0.019578125000000002,0.11510156250000002,0.6364981216430664,8.86,0.6661913814441556,False
118,0.6884610008914024,0.2621232427656651,17.885997935384513,0.06025011526420712,100,97.59,12.392009522268774,128.0,74.0,54.0,0.12698032095776998,49.0,14.393939393939394,98.12,97.06,1.0600000000000023,0.010861768623834433,0.0,0.0762421875,0.08999218749999999,0.6415150756835938,15.95,0.11585813904532126,False
119,0.8694319742266089,-0.01953243315219877,14.49478164585307,0.06025011526420712,100,848.06,17.924184779230547,888.0,801.0,87.0,0.021135514915490115,62.0,15.676767676767676,853.68,842.44,11.239999999999895,0.013253779213734754,0.0,0.662546875,0.010414062499999998,0.6530355770111085,95.02,0.08602150537634409,False
120,0.8513510782737285,-0.06955657079815863,10.784682550653814,0.13116035897284745,100,492.99,19.6888267806896,545.0,442.0,103.0,0.03993757841069717,73.0,18.08080808080808,495.2,490.78,4.420000000000016,0.008965699101401683,0.0,0.3851484375,0.0098359375,0.6521924800872801,172.88,0.2867795323882262,False
121,0.6960793522186578,-0.06955657079815863,10.784682550653814,0.13116035897284745,100,490.22,20.901952061948666,531.0,435.0,96.0,0.04263790147678321,65.0,22.0,489.36,491.08,1.7199999999999704,0.0035086287789155286,0.0,0.382984375,0.08723437499999999,0.6406777393341065,169.84,0.3599701730931296,False
122,0.8513510782737285,-0.1972214341163635,10.784682550653814,0.13116035897284745,100,882.99,18.143039987830043,916.0,829.0,87.0,0.020547276852320006,53.0,17.68686868686869,884.26,881.72,2.5399999999999636,0.002876589768853513,0.0,0.6898359375000002,0.009414062499999999,0.6517047687530518,207.52,0.06647517439474765,False
123,0.8513510782737285,-0.06955657079815863,5.091070478968321,0.13116035897284745,100,521.78,26.79387243382337,590.0,452.0,138.0,0.05135089967768671,74.0,24.68686868686869,517.12,526.44,9.32000000000005,0.017861934148491798,0.0,0.40764062500000003,0.0126953125,0.6477554737091065,177.18,0.5658949616353616,False
124,0.8513510782737285,-0.06955657079815863,10.784682550653814,0.13681073954328893,100,465.66,23.755092085698173,532.0,399.0,133.0,0.051013812837044564,93.0,24.07070707070707,461.3,470.02,8.71999999999997,0.01872610917837042,0.0,0.36379687499999996,0.0114609375,0.6509645175933838,173.93,0.7451652613604774,False
125,0.6960793522186578,-0.1972214341163635,5.091070478968321,0.13681073954328893,100,870.6,16.685322891691367,909.0,816.0,93.0,0.019165314601069797,55.0,18.19191919191919,872.58,868.62,3.9600000000000364,0.004548587181254349,0.0,0.6801562500000001,0.08464062499999998,0.6385463348388672,215.73,0.09774489170097189,False
126,0.4268683088943362,0.3609844870865345,7.433379756659268,0.015911405012011527,100,147.63,13.738016596292203,174.0,112.0,62.0,0.09305707915933213,46.0,10.202020202020202,143.48,151.78,8.300000000000011,0.05622163516900367,0.0,0.1153359375,0.9520312500000001,0.29403722000122073,2.44,0.15908290922676988,False
127,0.3535249096807092,0.3609844870865345,7.433379756659268,0.015911405012011527,100,220.39,14.082538833605252,249.0,186.0,63.0,0.06389826595401449,41.0,13.171717171717171,225.62,215.16,10.460000000000008,0.04746131857162307,0.0,0.1721796875,0.9901640625000002,0.42776657447814936,1.3,0.07953493984012328,False
128,0.4268683088943362,0.059578932821750696,7.433379756659268,0.015911405012011527,100,356.11,21.820126030800097,402.0,301.0,101.0,0.06127355601022183,50.0,13.737373737373737,367.54,344.68,22.860000000000014,0.06419364803010309,0.0,0.27821093750000003,0.9168906250000001,0.29669882526397706,18.8,0.1446260221436016,False
129,0.4268683088943362,0.3609844870865345,16.74354380974546,0.015911405012011527,100,130.89,13.251335781724045,172.0,100.0,72.0,0.10124024586847007,49.0,13.313131313131313,131.62,130.16,1.460000000000008,0.011154404461761847,0.0,0.1022578125,0.9585546875,0.2753207056045532,1.44,0.0624487811080904,False
130,0.4268683088943362,0.3609844870865345,7.433379756659268,0.07011781871318816,100,53.85,14.508187343703552,88.0,27.0,61.0,0.26941852077443923,47.0,13.94949494949495,60.16,47.54,12.619999999999997,0.23435468895078918,0.0,0.0420703125,0.9542812500000001,0.27972627620697016,3.46,1.2179862936167867,True
131,0.3535249096807092,0.059578932821750696,16.74354380974546,0.07011781871318816,100,400.45,18.429527937524604,443.0,360.0,83.0,0.046022045043137984,76.0,18.656565656565657,401.48,399.42,2.0600000000000023,0.005144212760644281,0.0,0.3128515624999999,0.9378515625,0.5713751892089844,58.79,0.3424270101173221,False
132,0.13416615105234087,-0.20133557990193365,15.05785839455202,0.09383104359731077,100,873.07,17.986803495896652,916.0,794.0,122.0,0.0206017885116848,53.0,13.343434343434344,876.74,869.4,7.340000000000032,0.008407115122498804,0.0,0.6820859374999999,0.9636875,0.6412706230163575,142.61,0.0,False
133,0.07647832660004497,-0.20133557990193365,15.05785839455202,0.09383104359731077,100,848.48,17.415211741463267,890.0,810.0,80.0,0.02052518826780038,55.0,15.242424242424242,849.46,847.5,1.9600000000000364,0.002310013200075472,0.0,0.662875,0.9976953125000001,0.6693856353759766,140.88,0.010752688172043012,False
134,0.13416615105234087,0.4024843201041223,15.05785839455202,0.09383104359731077,100,24.81,6.469459019114349,49.0,7.0,42.0,0.26076013781194474,22.0,6.434343434343434,24.62,25.0,0.379999999999999,0.01531640467553402,0.0,0.0193828125,0.9964921874999999,0.5801383495330811,0.16,0.3934445135354255,False
135,0.13416615105234087,-0.20133557990193365,0.5591828468255698,0.09383104359731077,100,667.34,71.22530730014438,822.0,531.0,291.0,0.10673016348509662,60.0,16.77777777777778,723.78,610.9,112.88,0.16914915934905744,0.0,0.521359375,0.948546875,0.4424329498291016,138.16,0.7208182524355993,False
136,0.13416615105234087,-0.20133557990193365,15.05785839455202,0.037153606973588466,100,945.27,22.297468466173463,985.0,896.0,89.0,0.023588465164633875,40.0,9.232323232323232,926.7,963.84,37.139999999999986,0.039290361484020424,0.0,0.7384921874999999,0.9774765625000001,0.6278919647216796,51.23,0.047748783488905475,False
137,0.07647832660004497,0.4024843201041223,0.5591828468255698,0.037153606973588466,100,79.49,10.266932355869498,109.0,57.0,52.0,0.1291600497656246,41.0,10.94949494949495,84.88,74.1,10.780000000000001,0.13561454270977483,0.0,0.062101562500000006,0.9996015624999999,0.6307710918426513,0.22,0.5428441746667301,False
138,0.5596767953597009,0.11773239448666578,4.3425962471403174,0.052676159162074326,100,365.67,42.52553468211776,460.0,251.0,209.0,0.1162948414748756,57.0,19.696969696969695,394.56,336.78,57.78000000000003,0.1580113216834852,0.0,0.2856796875,0.6487109375,0.40142800140380863,62.81,0.7836671075765461,False
139,0.5746981564443558,0.11773239448666578,4.3425962471403174,0.052676159162074326,100,365.67,42.52553468211776,460.0,251.0,209.0,0.1162948414748756,57.0,19.696969696969695,394.56,336.78,57.78000000000003,0.1580113216834852,0.0,0.2856796875,0.6487109375,0.40142800140380863,62.81,0.7836671075765461,False
140,0.5596767953597009,-0.13993330299854276,4.3425962471403174,0.052676159162074326,100,640.72,23.362825171626824,706.0,577.0,129.0,0.03646339301352669,68.0,16.575757575757574,646.44,635.0,11.440000000000055,0.01785491322262463,0.0,0.5005624999999999,0.655625,0.40220567016601566,82.8,0.17187534470815066,False
141,0.5596767953597009,0.11773239448666578,12.266959644481538,0.052676159162074326,100,442.76,18.896624037113085,506.0,392.0,114.0,0.04267915809267568,62.0,15.969696969696969,447.8,437.72,10.079999999999984,0.02276628421718309,0.0,0.3459062500000001,0.5425937500000001,0.5093806694030761,64.47,0.08602150537634409,False
142,0.5596767953597009,0.11773239448666578,4.3425962471403174,0.11262681888416408,100,176.29,21.547758584131206,249.0,126.0,123.0,0.12222904636752627,89.0,21.060606060606062,175.58,177.0,1.4199999999999875,0.00805490952407957,0.0,0.13772656249999998,0.6628203125000001,0.3942281990051269,52.18,0.6858724988732097,False
143,0.5746981564443558,-0.13993330299854276,12.266959644481538,0.11262681888416408,100,700.79,19.38416621884986,751.0,657.0,94.0,0.02766044923422118,53.0,15.97979797979798,693.96,707.62,13.659999999999968,0.01949228727578871,0.0,0.5474921875000001,0.4377265625,0.5726442008972168,169.65,0.0,False
144,0.49559521866030987,-0.026592358946800176,16.35375787327066,0.022010438963770865,100,461.27,26.7341934608097,507.0,395.0,112.0,0.05795779795089579,46.0,15.393939393939394,480.72,441.82,38.900000000000034,0.08433238667158072,0.0,0.36036718749999996,0.876015625,0.36505225334167485,27.47,0.22296850862484366,False
145,0.17614121222868562,-0.026592358946800176,16.35375787327066,0.022010438963770865,100,838.68,14.72472750172308,873.0,809.0,64.0,0.01755702711609086,32.0,10.747474747474747,837.3,840.06,2.759999999999991,0.003290885677493193,0.0,0.6552187500000001,0.9872187499999999,0.6386787242889403,26.23,0.0,False
146,0.49559521866030987,0.04364978149533277,16.35375787327066,0.022010438963770865,100,436.04,22.50640797639641,496.0,383.0,113.0,0.05161546641683425,49.0,13.969696969696969,446.52,425.56,20.95999999999998,0.0480689844968351,0.0,0.34065625000000005,0.8790703124999999,0.3679580093383789,25.52,0.08189884457013383,False
147,0.49559521866030987,-0.026592358946800176,6.6038540860638015,0.022010438963770865,100,397.22,35.19306181621599,470.0,310.0,160.0,0.0885984135144655,59.0,16.7979797979798,413.82,380.62,33.19999999999999,0.0835808871658023,0.0,0.310328125,0.8973984374999998,0.28181787433624267,28.3,0.34039133169950675,False
148,0.49559521866030987,-0.026592358946800176,16.35375787327066,0.14318174911662937,100,210.74,19.71223985243686,270.0,164.0,106.0,0.09353819802807659,53.0,17.32323232323232,220.06,201.42,18.640000000000015,0.08845022302363108,0.0,0.16464062499999998,0.830125,0.4384639911651611,65.75,0.3371577967746071,False
149,0.17614121222868562,0.04364978149533277,6.6038540860638015,0.14318174911662937,100,180.0,16.678129391511508,221.0,129.0,92.0,0.09265627439728616,66.0,19.717171717171716,182.44,177.56,4.8799999999999955,0.027111111111111086,0.0,0.140625,0.9768281249999999,0.4923433681488037,42.2,0.32299317303032316,False
150,0.07295742761343718,0.3414516583085061,3.6269675699062645,0.11648162264376877,100,24.35,8.758281794964123,53.0,6.0,47.0,0.35968303059400913,33.0,9.929292929292929,24.66,24.04,0.620000000000001,0.025462012320328582,0.0,0.0190234375,0.999578125,0.6431250804901123,0.49,0.598704528141206,False
151,0.6742572569753975,0.3414516583085061,3.6269675699062645,0.11648162264376877,100,37.3,9.751410154434076,77.0,6.0,71.0,0.26143190762557844,35.0,10.707070707070708,37.14,37.46,0.3200000000000003,0.008579088471849874,0.0,0.029140624999999996,0.1720078125,0.6034785461425782,10.68,0.3948384020265551,False
152,0.07295742761343718,0.2938095234334469,3.6269675699062645,0.11648162264376877,100,39.78,10.269936708665735,76.0,20.0,56.0,0.258168343606479,39.0,11.090909090909092,37.94,41.62,3.6799999999999997,0.09250879839115132,0.0,0.031078125,0.9995781249999999,0.6346180744171143,0.83,0.6428425554941897,False
153,0.07295742761343718,0.3414516583085061,18.625411715451627,0.11648162264376877,100,12.21,4.19832109300849,28.0,4.0,24.0,0.34384284136023663,19.0,3.6161616161616164,13.3,11.12,2.1800000000000015,0.17854217854217866,0.0,0.009539062499999999,0.9997031249999999,0.6490189498901366,0.24,1.1552945997181232,True
154,0.07295742761343718,0.3414516583085061,3.6269675699062645,0.0764617196470499,100,87.08,14.95170893242642,129.0,48.0,81.0,0.17170083753360613,51.0,17.252525252525253,87.3,86.86,0.4399999999999977,0.005052824988516281,0.0,0.06803125,0.9995390625,0.6338504753112792,0.51,0.2574814853694838,False
155,0.6742572569753975,0.2938095234334469,18.625411715451627,0.0764617196470499,100,49.67,12.328872616748054,81.0,26.0,55.0,0.24821567579520945,39.0,12.01010101010101,53.7,45.64,8.060000000000002,0.16227098852426017,0.0,0.038804687500000004,0.10407031249999997,0.6384780109405518,8.15,0.8935758669882209,True
156,0.41590522504411637,-0.2958622008562088,9.996370300650595,0.05439972581341863,100,540.31,28.02916160001936,601.0,483.0,118.0,0.05187607410564188,52.0,16.747474747474747,558.68,521.94,36.739999999999895,0.06799800114748922,0.0,0.42211718750000005,0.8477499999999999,0.373933521270752,81.45,0.18773898362460603,False
157,0.7956352165900171,-0.2958622008562088,9.996370300650595,0.05439972581341863,100,1217.38,9.382728814156359,1235.0,1181.0,54.0,0.007707313093821451,41.0,9.535353535353535,1215.04,1219.72,4.680000000000064,0.003844321411556016,0.0,0.9510781250000002,0.0129140625,0.6496064846038817,86.96,0.0,False
158,0.41590522504411637,0.24335744306445128,9.996370300650595,0.05439972581341863,100,114.54,18.234264449107894,163.0,71.0,92.0,0.15919560371143612,62.0,16.78787878787879,121.54,107.54,14.0,0.12222804260520341,0.0,0.08948437499999999,0.9446953125000002,0.28501200466156007,8.25,0.6690674604926072,False
159,0.41590522504411637,-0.2958622008562088,2.294820405077189,0.05439972581341863,100,408.08,43.369731380307165,503.0,324.0,179.0,0.10627752249634181,64.0,21.90909090909091,439.38,376.78,62.60000000000002,0.1534012938639483,0.0,0.3188125,0.8739140625,0.2881072719573975,78.87,0.9100814329928908,True
160,0.41590522504411637,-0.2958622008562088,9.996370300650595,0.03067725453525781,100,465.35,23.810239394008622,517.0,407.0,110.0,0.05116630362954469,61.0,17.12121212121212,472.0,458.7,13.300000000000011,0.028580638229289804,0.0,0.3635546875,0.8817421875000001,0.33265854625701907,43.04,0.12485139359918451,False
161,0.7956352165900171,0.24335744306445128,2.294820405077189,0.03067725453525781,100,403.31,21.64656785728398,450.0,355.0,95.0,0.053672281513684215,76.0,21.252525252525253,402.02,404.6,2.580000000000041,0.006397064292975728,0.0,0.31508593749999997,0.0126171875,0.6484203754425049,35.56,0.44788453986701426,False
162,0.8432738176546991,0.1857026293873787,8.804251912608741,0.08352897619828581,100,222.68,22.09790940338022,273.0,170.0,103.0,0.09923616581363491,75.0,23.90909090909091,218.66,226.7,8.039999999999992,0.036105622417819255,0.0,0.17396874999999998,0.012773437500000002,0.6486944766998292,59.72,0.6387015477956182,False
163,0.4531845591496676,0.1857026293873787,8.804251912608741,0.08352897619828581,100,96.63,17.69048049093071,148.0,54.0,94.0,0.18307441261441282,61.0,18.141414141414142,99.88,93.38,6.5,0.06726689433923212,0.0,0.0754921875,0.9354296874999999,0.2925501728057861,13.07,0.5490412451947244,False
164,0.8432738176546991,-0.30570080503821373,8.804251912608741,0.08352897619828581,100,1205.27,9.1453321426835,1232.0,1180.0,52.0,0.007587787087277954,41.0,9.575757575757576,1204.42,1206.12,1.699999999999818,0.0014104723422965959,0.0,0.9416171875,0.0140078125,0.649837544631958,132.99,0.0,False
165,0.8432738176546991,0.1857026293873787,14.224169446900486,0.08352897619828581,100,181.69,21.11856765976329,231.0,126.0,105.0,0.11623406714603605,88.0,23.333333333333332,181.46,181.92,0.45999999999997954,0.0025317849083602816,0.0,0.14194531249999998,0.0111015625,0.6510736618041993,47.61,0.7550071622008632,False
166,0.8432738176546991,0.1857026293873787,8.804251912608741,0.10611482331529258,100,162.38,21.30858043136614,218.0,109.0,109.0,0.13122663155170672,91.0,24.626262626262626,161.48,163.28,1.8000000000000114,0.011085109003571939,0.0,0.126859375,0.012187500000000002,0.6492095924377442,48.82,0.8708976364831034,True
167,0.4531845591496676,-0.30570080503821373,14.224169446900486,0.10611482331529258,100,683.41,22.699381048830382,738.0,613.0,125.0,0.033214879865425415,63.0,16.444444444444443,694.76,672.06,22.700000000000045,0.033215785546011976,0.0,0.5339140625000001,0.7566328124999999,0.47342145538330077,164.11,0.13689531684269135,False
168,0.7936638950370253,-0.19628847837448116,1.7030062317848205,0.10080876413732766,100,1072.25,13.386093530227555,1100.0,1031.0,69.0,0.012484116139172352,44.0,13.636363636363637,1075.06,1069.44,5.619999999999891,0.005241314991839488,0.0,0.8376953125,0.011203125000000001,0.6493745140075683,160.75,0.0,False
169,0.3062907628715038,-0.19628847837448116,1.7030062317848205,0.10080876413732766,100,489.99,44.11972234726778,577.0,401.0,176.0,0.09004208728191959,60.0,19.757575757575758,518.94,461.04,57.900000000000034,0.11816567685054803,0.0,0.3828046875,0.9045390624999999,0.3601572875976562,135.01,0.6089089895234975,False
170,0.7936638950370253,-0.0767514936625957,1.7030062317848205,0.10080876413732766,100,782.09,15.382519299516577,817.0,742.0,75.0,0.01966847715674229,47.0,14.767676767676768,776.86,787.32,10.460000000000036,0.013374419823805491,0.0,0.6110078125,0.010695312499999998,0.6484460243225098,157.26,0.0,False
171,0.7936638950370253,-0.19628847837448116,4.69096605842933,0.10080876413732766,100,1063.81,13.3706357365684,1097.0,1032.0,65.0,0.012568631368917758,42.0,12.555555555555555,1058.4,1069.22,10.819999999999936,0.010170989180398696,0.0,0.8311015625,0.012468749999999999,0.6499664253234865,160.78,0.0,False
172,0.7936638950370253,-0.19628847837448116,1.7030062317848205,0.02080845845863223,100,1250.31,7.399587826358979,1266.0,1230.0,36.0,0.0059182025468555634,27.0,7.181818181818182,1251.36,1249.26,2.099999999999909,0.0016795834633010287,0.0,0.9768046874999999,0.012070312500000003,0.6499524066925049,32.99,0.0,False
173,0.3062907628715038,-0.0767514936625957,4.69096605842933,0.02080845845863223,100,496.75,20.636557367933246,564.0,458.0,106.0,0.04154314517953346,37.0,13.01010101010101,507.34,486.16,21.17999999999995,0.04263714141922486,0.0,0.3880859374999999,0.9617890624999998,0.33710699462890625,25.52,0.06076822162240557,False
174,0.3658543234225362,0.08454865664243705,17.1068951908499,0.07196606017649174,100,307.38,19.760961515068033,351.0,261.0,90.0,0.06428837762726278,51.0,16.727272727272727,314.78,299.98,14.799999999999955,0.048148871104170585,0.0,0.24014062499999997,0.950546875,0.5428124095916746,44.26,0.10970243359243817,False
175,0.7565915920305998,0.08454865664243705,17.1068951908499,0.07196606017649174,100,367.8,19.27433526739639,425.0,327.0,98.0,0.05240439170037082,69.0,16.606060606060606,362.74,372.86,10.120000000000005,0.027514953779227854,0.0,0.28734375000000006,0.009835937500000001,0.6538931720733642,80.82,0.18579986894157222,False
176,0.3658543234225362,0.36410744413733487,17.1068951908499,0.07196606017649174,100,68.02,11.71066180879629,101.0,46.0,55.0,0.17216497807698164,46.0,16.575757575757574,67.38,68.66,1.2800000000000011,0.018817994707439008,0.0,0.053140625,0.9920078125,0.43516331901550287,0.56,0.2309517345541642,False
177,0.3658543234225362,0.08454865664243705,11.680078448355196,0.07196606017649174,100,331.35,22.553214848442337,378.0,265.0,113.0,0.06806462908840301,72.0,19.464646464646464,340.66,322.04,18.620000000000005,0.056194356420703195,0.0,0.2588671875,0.9417421874999998,0.44959766960144054,54.16,0.44575117235577677,False
178,0.3658543234225362,0.08454865664243705,17.1068951908499,0.09410861469805239,100,220.37,16.796222789663158,256.0,180.0,76.0,0.07621828193339909,76.0,21.262626262626263,223.66,217.08,6.579999999999984,0.029858873712392722,0.0,0.17216406250000002,0.9573671874999999,0.5381540519714355,36.39,0.46988333600284027,False
179,0.7565915920305998,0.36410744413733487,11.680078448355196,0.09410861469805239,100,19.08,6.858104694447293,39.0,6.0,33.0,0.3594394493945123,27.0,6.94949494949495,19.24,18.92,0.31999999999999673,0.016771488469601508,0.0,0.01490625,0.011468749999999998,0.6501033748626709,4.81,0.5981991094341675,False
180,0.23584747966378927,-0.12774093747138973,5.97558065066114,0.13402639051899312,100,563.52,23.514455128707535,618.0,506.0,112.0,0.0417278093567354,65.0,19.12121212121212,552.3,574.74,22.440000000000055,0.03982112436115853,0.0,0.4402499999999999,0.9460859375000001,0.5683460823059081,159.44,0.2928366317240461,False
181,0.5027643090113998,-0.12774093747138973,5.97558065066114,0.13402639051899312,100,596.22,23.459573738667974,660.0,526.0,134.0,0.03934717677814896,84.0,20.707070707070706,595.02,597.42,2.3999999999999773,0.0040253597665290955,0.0,0.46579687500000005,0.48721875,0.5409407047271728,190.4,0.5117476537784424,False
182,0.23584747966378927,0.12295654937624934,5.97558065066114,0.13402639051899312,100,124.62,17.531560113121706,167.0,87.0,80.0,0.14068014855658567,74.0,20.31313131313131,128.94,120.3,8.64,0.0693307655272027,0.0,0.09735937499999998,0.9834296874999999,0.4552311733245849,19.26,0.6971122015756163,False
183,0.23584747966378927,-0.12774093747138973,9.22170153427869,0.13402639051899312,100,560.72,18.390802048850396,603.0,516.0,87.0,0.032798548382170056,75.0,18.505050505050505,562.14,559.3,2.840000000000032,0.005064916535882494,0.0,0.4380625000000001,0.9510703125000001,0.6019949184417726,156.19,0.32551921320502464,False
184,0.23584747966378927,-0.12774093747138973,5.97558065066114,0.11801755044609306,100,639.67,19.510025627866305,679.0,591.0,88.0,0.030500141679094386,48.0,16.95959595959596,641.24,638.1,3.1399999999999864,0.004908781090249639,0.0,0.4997421875,0.9479140625000001,0.5490327606201173,156.55,0.03693065244152636,False
185,0.5027643090113998,0.12295654937624934,9.22170153427869,0.11801755044609306,100,175.79,18.651163502580744,221.0,124.0,97.0,0.10609911543649095,63.0,20.13131313131313,171.08,180.5,9.419999999999987,0.05358666590818584,0.0,0.13733593749999998,0.5902734374999999,0.47555741767883297,49.25,0.438445869960624,False
186,0.6580442917067558,0.44103107303380973,14.01442850800231,0.03927775608375668,100,22.04,7.0041701863961014,43.0,7.0,36.0,0.31779356562595745,25.0,6.696969696969697,22.84,21.24,1.6000000000000014,0.07259528130671514,0.0,0.01721875,0.10296093749999997,0.6370490421295166,2.04,0.6890955413584634,False
187,0.10857177735306323,0.44103107303380973,14.01442850800231,0.03927775608375668,100,31.89,6.78364946028316,46.0,17.0,29.0,0.21272027156736154,22.0,6.1313131313131315,35.6,28.18,7.420000000000002,0.23267481969269369,0.0,0.024914062499999997,0.999703125,0.6260327373504638,0.02,1.0938053609612204,True
188,0.6580442917067558,-0.23540402874350547,14.01442850800231,0.03927775608375668,100,1063.56,17.28370330687263,1118.0,1019.0,99.0,0.01625080231192658,49.0,15.333333333333334,1071.08,1056.04,15.039999999999964,0.014141186204821509,0.0,0.8309062500000001,0.11746875,0.6341010360717774,61.96,0.0,False
189,0.6580442917067558,0.44103107303380973,16.155510457325725,0.03927775608375668,100,20.16,7.0522620484494185,38.0,8.0,30.0,0.3498145857365783,24.0,5.747474747474747,23.88,16.44,7.439999999999998,0.36904761904761896,0.0,0.015750000000000004,0.11403906249999998,0.6327610385894775,1.53,1.9087782541310103,True
190,0.6580442917067558,0.44103107303380973,14.01442850800231,0.053500923011451956,100,14.01,5.032881878208548,27.0,4.0,23.0,0.3592349663246644,23.0,5.292929292929293,14.52,13.5,1.0199999999999996,0.07280513918629547,0.0,0.0109453125,0.10021874999999998,0.6391905860900879,1.7,0.7759007344967551,False
191,0.10857177735306323,-0.23540402874350547,16.155510457325725,0.053500923011451956,100,817.09,14.515574394422012,851.0,785.0,66.0,0.017764963950632137,39.0,12.757575757575758,823.04,811.14,11.899999999999977,0.01456387913204173,0.0,0.6383515625,0.9985390624999999,0.6704180732727052,73.3,0.0,False
